names ;notes ;resulta
Alice
 [85, 90, 78]
 84.33333333333333
 ('Alice', 84.33333333333333, 'pass')
Bob
 [72, 68, 80]
 73.33333333333333
 ('Bob', 73.33333333333333, 'pass')
Charlie
 [95, 100, 92]
 95.66666666666667
 ('Charlie', 95.66666666666667, 'pass')
Diana
 [50, 60, 55]
 55.0
 ('Diana', 55.0, 'pass')
Evan
 [88, 79, 84]
 83.66666666666667
 ('Evan', 83.66666666666667, 'pass')
